family,n_features,auc_drop_mean,auc_drop_std
logpow,95,0.22008204413223584,0.007291999448877164
relpow,95,0.02971322856300196,0.000633667295123833
hjorth,38,0.0013576350453310625,0.00016388672132723215
aperiodic,39,0.0013109058943844508,0.0001532438420676385
spectral_entropy,19,0.00019534317199008112,3.7975615221274066e-05
plv,2,3.083357910824702e-05,6.727530008237991e-06
asym,3,3.4472324468515226e-06,3.6134584290874634e-06
engagement,2,0.0,0.0
ratio,4,-8.618081117206522e-06,8.192635040061237e-06
