subject,y,oof_prob,score
0,0,0.016492260560829204,0.0
0,0,0.022380756545876186,0.9803921568627451
0,0,0.013240375969441302,0.0
0,0,0.006834018753169281,0.0
0,0,0.009075653968414983,0.0
0,0,0.007984394024419325,0.0
0,0,0.01950651997880757,0.0
0,0,0.1078875169848456,24.489795918367346
0,0,0.21718834524856212,46.774193548387096
0,0,0.021968850471613212,0.9803921568627451
0,0,0.017141679028166885,0.0
0,0,0.04637319628126419,4.444444444444445
0,0,0.6112480565948073,77.41935483870968
0,0,0.2761540813433066,46.774193548387096
0,0,0.034736129046667376,2.1052631578947367
0,0,0.13796968928078313,33.980582524271846
0,0,0.22118005559155277,46.774193548387096
0,0,0.37871600084137996,61.53846153846154
0,0,0.24584540217046458,46.774193548387096
0,0,0.033453659954470465,2.1052631578947367
0,0,0.023400497497495856,0.9803921568627451
0,0,0.06938177588114401,10.0
0,0,0.31629071811089426,51.63934426229508
0,0,0.03691579918537901,2.1052631578947367
0,0,0.012037220304571793,0.0
0,0,0.01176812332517159,0.0
0,0,0.015462737462603396,0.0
0,0,0.03430701174911717,2.1052631578947367
0,0,0.19566559147823234,44.44444444444444
0,1,0.9747631954199503,98.93617021276596
0,1,0.959985707780007,95.94594594594594
0,1,0.9106583301022657,95.94594594594594
0,1,0.8635653802700433,95.72649572649573
0,1,0.8888195441178736,95.72649572649573
0,1,0.9023774447994652,95.72649572649573
0,1,0.9067347244628504,95.94594594594594
0,1,0.9662620181379145,97.82608695652173
0,1,0.960618035896956,97.82608695652173
0,1,0.9699510872756679,98.93617021276596
0,1,0.9393845209479169,95.94594594594594
0,1,0.9298366802962078,95.94594594594594
0,1,0.9250490089028887,95.94594594594594
0,1,0.9658604852335547,97.82608695652173
0,1,0.9836566910725711,98.93617021276596
0,1,0.9650985224766484,97.82608695652173
0,1,0.9267534958792427,95.94594594594594
0,1,0.9513962900686497,95.94594594594594
0,1,0.9517562783385007,95.94594594594594
0,1,0.9492674025890854,95.94594594594594
0,1,0.9356450785466817,95.94594594594594
0,1,0.7370509183183388,79.6875
0,1,0.44519947830301565,69.33333333333334
0,1,0.8420542378798243,95.72649572649573
0,1,0.9317634046709018,95.94594594594594
0,1,0.9736613299561178,98.93617021276596
0,1,0.911420783743833,95.94594594594594
0,1,0.5796989195262492,75.0
0,1,0.7703702067927372,89.47368421052632
0,1,0.7413934216914451,81.25
1,0,0.011904351350172334,0.0
1,0,0.017012662390948546,0.0
1,0,0.3319907581151224,51.63934426229508
1,0,0.37553729039744055,51.63934426229508
1,0,0.05420384401561853,4.444444444444445
1,0,0.013814176682129484,0.0
1,0,0.03581592924510585,2.1052631578947367
1,0,0.20196961406782743,46.774193548387096
1,0,0.029486077229946672,2.1052631578947367
1,0,0.06932010196588721,10.0
1,0,0.006379541438478717,0.0
1,0,0.03479938582758564,2.1052631578947367
1,0,0.05439596019441373,4.444444444444445
1,0,0.009314972017741265,0.0
1,0,0.5953881007863403,75.0
1,0,0.8006425045187295,89.47368421052632
1,0,0.019804274840885396,0.0
1,0,0.053564519384571976,4.444444444444445
1,0,0.2950385644814945,51.63934426229508
1,0,0.27615950147477836,46.774193548387096
1,1,0.9445489777987623,95.94594594594594
1,1,0.9536104386433233,95.94594594594594
1,1,0.9496004560993578,95.94594594594594
1,1,0.9035929787913635,95.72649572649573
1,1,0.9450122005658829,95.94594594594594
1,1,0.9515304474106412,95.94594594594594
1,1,0.9470238047426568,95.94594594594594
1,1,0.974112516893787,98.93617021276596
1,1,0.9585002537532489,95.94594594594594
1,1,0.9525900312585525,95.94594594594594
1,1,0.9737686224360017,98.93617021276596
1,1,0.9429817146495512,95.94594594594594
1,1,0.7762561453273132,89.47368421052632
1,1,0.9486456184572328,95.94594594594594
1,1,0.9475893523211516,95.94594594594594
1,1,0.9253495249128172,95.94594594594594
1,1,0.9305550451194391,95.94594594594594
1,1,0.9145765248895098,95.94594594594594
1,1,0.8759552108827053,95.72649572649573
1,1,0.8906867365621698,95.72649572649573
1,1,0.8998851497665264,95.72649572649573
1,1,0.9289488203819826,95.94594594594594
2,0,0.12439944887587465,33.980582524271846
2,0,0.6864768905070768,79.6875
2,0,0.2593919666693164,46.774193548387096
2,0,0.09808919787037033,24.489795918367346
2,0,0.07521788444568014,10.0
2,0,0.32298416568704935,51.63934426229508
2,0,0.6019659875261688,77.41935483870968
2,0,0.23372145350911525,46.774193548387096
2,0,0.21745529482957837,46.774193548387096
2,0,0.1297095555232444,33.980582524271846
2,0,0.18033953395509184,44.44444444444444
2,0,0.2806022375495343,46.774193548387096
2,0,0.5506707414730926,75.0
2,0,0.8138227661056673,89.47368421052632
2,0,0.15711280989313312,33.980582524271846
2,0,0.11334005910797702,24.489795918367346
2,0,0.07192192107016962,10.0
2,0,0.0096651264830338,0.0
2,0,0.04717737564640304,4.444444444444445
2,0,0.2651642701494737,46.774193548387096
2,0,0.9677598715725044,97.82608695652173
2,0,0.8970914508147018,95.72649572649573
2,0,0.06361977164228161,8.51063829787234
2,0,0.02128293389643267,0.9803921568627451
2,0,0.08110502841295211,20.588235294117645
2,1,0.9008888891795209,95.72649572649573
2,1,0.8147720248639672,89.58333333333334
2,1,0.9161308011243466,95.94594594594594
2,1,0.9716022862777614,98.93617021276596
2,1,0.9608403642877319,97.82608695652173
2,1,0.9706133315035758,98.93617021276596
2,1,0.9762660141702705,98.93617021276596
2,1,0.9150722141772587,95.94594594594594
2,1,0.9160705073289788,95.94594594594594
2,1,0.9232600752934346,95.94594594594594
2,1,0.939945929477216,95.94594594594594
2,1,0.8685512038092955,95.72649572649573
2,1,0.8716578297790966,95.72649572649573
2,1,0.8967899090018002,95.72649572649573
2,1,0.8796045814461125,95.72649572649573
2,1,0.8153085077403158,89.58333333333334
2,1,0.7058935039718077,79.6875
2,1,0.5535440477022174,75.0
2,1,0.7833379533342827,89.47368421052632
2,1,0.783607622951645,89.47368421052632
2,1,0.5544922648152031,75.0
2,1,0.6325634647191855,77.94117647058823
2,1,0.7977020952841873,89.47368421052632
2,1,0.6693738689504287,77.94117647058823
2,1,0.6945797188220073,79.6875
2,1,0.509818854417571,75.0
2,1,0.5188658456685804,75.0
2,1,0.6381375580530342,77.94117647058823
2,1,0.472710492480724,75.0
2,1,0.540200074049021,75.0
3,0,0.10820293558566062,24.489795918367346
3,0,0.12301830837194858,33.980582524271846
3,0,0.03984697102592106,2.1052631578947367
3,0,0.11262867751431074,24.489795918367346
3,0,0.038297067146453416,2.1052631578947367
3,0,0.033869679235056606,2.1052631578947367
3,0,0.07697965493212776,10.0
3,0,0.08443827384613271,20.588235294117645
3,0,0.09482530640594165,21.428571428571427
3,0,0.04808214124977619,4.444444444444445
3,0,0.1784091572709528,44.44444444444444
3,0,0.21545231893656352,46.774193548387096
3,0,0.05818840994531819,8.51063829787234
3,0,0.029630851915657695,2.1052631578947367
3,0,0.05370568287129371,4.444444444444445
3,0,0.052185197464651785,4.444444444444445
3,0,0.0305380904114664,2.1052631578947367
3,0,0.025269099276415796,0.9803921568627451
3,0,0.031553626777114784,2.1052631578947367
3,0,0.28567864438337026,46.774193548387096
3,0,0.06013399923638465,8.51063829787234
3,0,0.12918861411661428,33.980582524271846
3,0,0.08537187695093525,20.588235294117645
3,0,0.5339444608362925,75.0
3,0,0.42523277220572325,69.33333333333334
3,0,0.1192061017974166,33.980582524271846
3,0,0.12541157114762333,33.980582524271846
3,0,0.03685990675117049,2.1052631578947367
3,0,0.3838610612508855,61.53846153846154
3,1,0.4221442161649551,69.33333333333334
3,1,0.5636611360095167,75.0
3,1,0.7393250966336081,81.25
3,1,0.6379402770661405,77.94117647058823
3,1,0.544351296269309,75.0
3,1,0.48574250699196564,75.0
3,1,0.6387985847730037,77.94117647058823
3,1,0.614443012016278,77.41935483870968
3,1,0.45981160469690574,69.33333333333334
3,1,0.49606777117045386,75.0
3,1,0.8407296743368833,95.72649572649573
3,1,0.8168860218683864,89.58333333333334
3,1,0.8041685485203776,89.47368421052632
3,1,0.7655263282995678,89.47368421052632
3,1,0.5520525583447198,75.0
3,1,0.6254968222104536,77.94117647058823
3,1,0.6095045694718109,77.41935483870968
3,1,0.38880659670688666,69.33333333333334
3,1,0.575575366177178,75.0
3,1,0.8272461578242771,89.58333333333334
3,1,0.8654507485533897,95.72649572649573
3,1,0.6397285905299094,77.94117647058823
3,1,0.2302960470240745,46.774193548387096
3,1,0.5382525873476307,75.0
3,1,0.7661034403989657,89.47368421052632
3,1,0.5897035057118163,75.0
3,1,0.24127611910392804,46.774193548387096
3,1,0.7077173146370536,79.6875
3,1,0.8324767647978389,89.58333333333334
3,1,0.7367905366553549,79.6875
4,0,0.3527684358486072,51.63934426229508
4,0,0.7063818271069693,79.6875
4,0,0.40256901171786524,69.33333333333334
4,0,0.535667796244812,75.0
4,0,0.09912496671108743,24.489795918367346
4,0,0.0732118484466284,10.0
4,0,0.06830530988075319,10.0
4,0,0.012838749326033674,0.0
4,0,0.010452045479436534,0.0
4,0,0.010928742814319095,0.0
4,0,0.012338941278316985,0.0
4,0,0.06594414096460866,8.51063829787234
4,0,0.084100378728533,20.588235294117645
4,0,0.0389653181581609,2.1052631578947367
4,0,0.21918023184985025,46.774193548387096
4,0,0.10225775820207694,24.489795918367346
4,0,0.022027904740499624,0.9803921568627451
4,0,0.02037455719102982,0.9803921568627451
4,0,0.040490584711750974,4.444444444444445
4,0,0.22781925364579755,46.774193548387096
4,0,0.7641455045679104,89.47368421052632
4,1,0.8184121724494047,89.58333333333334
4,1,0.7630888599486307,89.47368421052632
4,1,0.8060685369052188,89.47368421052632
4,1,0.4116368508636294,69.33333333333334
4,1,0.09459998771003524,21.428571428571427
4,1,0.7752561915552431,89.47368421052632
4,1,0.5302871424910304,75.0
4,1,0.3242171263361698,51.63934426229508
4,1,0.7532460011778295,89.47368421052632
4,1,0.7618900609728941,89.47368421052632
4,1,0.732018280843409,79.6875
4,1,0.7947804771676819,89.47368421052632
4,1,0.7386486228988134,81.25
4,1,0.706271987717883,79.6875
4,1,0.5160664106912379,75.0
4,1,0.5520233047751121,75.0
4,1,0.7792907445728748,89.47368421052632
4,1,0.4305287023121066,69.33333333333334
4,1,0.790416833627148,89.47368421052632
4,1,0.6181568698646355,77.94117647058823
4,1,0.4565695502032165,69.33333333333334
4,1,0.7895524183290944,89.47368421052632
4,1,0.8375057224571347,95.72649572649573
4,1,0.28656582432363337,51.63934426229508
4,1,0.6009626163175125,77.41935483870968
4,1,0.7746023602807214,89.47368421052632
4,1,0.7741219437214613,89.47368421052632
4,1,0.7806624474347248,89.47368421052632
4,1,0.5405611526263747,75.0
4,1,0.5893040274023672,75.0
5,0,0.022896406278816672,0.9803921568627451
5,0,0.1055734542227239,24.489795918367346
5,0,0.5926716950926095,75.0
5,0,0.5861838126204222,75.0
5,0,0.5354689575442865,75.0
5,0,0.37494349890916157,51.63934426229508
5,0,0.060335842678638424,8.51063829787234
5,0,0.012512877628967084,0.0
5,0,0.012975787355916046,0.0
5,0,0.026053034156536543,0.9803921568627451
5,0,0.09148733918443838,21.428571428571427
5,0,0.050169250489028046,4.444444444444445
5,0,0.01217153074474193,0.0
5,0,0.06693275089070143,8.51063829787234
5,0,0.04709778268272386,4.444444444444445
5,0,0.17972754442866157,44.44444444444444
5,0,0.059924604069005905,8.51063829787234
5,0,0.08613028357740922,20.588235294117645
5,0,0.02498711965364125,0.9803921568627451
5,0,0.02047519192855807,0.9803921568627451
5,0,0.03550255595978764,2.1052631578947367
5,0,0.015341066242303901,0.0
5,0,0.03671893321592036,2.1052631578947367
5,0,0.05411934436395728,4.444444444444445
5,0,0.2686757280521923,46.774193548387096
5,0,0.16787163375630199,41.17647058823529
5,0,0.15288533635158755,33.980582524271846
5,0,0.09618358917516852,21.428571428571427
5,0,0.11620211075586828,33.980582524271846
5,1,0.6508850107191337,77.94117647058823
5,1,0.8375504604270144,95.72649572649573
5,1,0.816652547367846,89.58333333333334
5,1,0.3518822883162271,51.63934426229508
5,1,0.10259600170003258,24.489795918367346
5,1,0.14846503840070044,33.980582524271846
5,1,0.47428466770926087,75.0
5,1,0.6959745417949627,79.6875
5,1,0.8256569295581352,89.58333333333334
5,1,0.5905385195339149,75.0
5,1,0.48871704886978234,75.0
5,1,0.39829396072751444,69.33333333333334
5,1,0.18020240388666509,44.44444444444444
5,1,0.830245580799687,89.58333333333334
5,1,0.9337991973424811,95.94594594594594
5,1,0.5696033323820596,75.0
5,1,0.10205689496694154,24.489795918367346
5,1,0.2022749679179498,46.774193548387096
5,1,0.16937347744351577,41.17647058823529
5,1,0.04039971396382597,4.444444444444445
5,1,0.11636917643469409,33.980582524271846
5,1,0.17154343305467573,44.44444444444444
5,1,0.22839334269500378,46.774193548387096
5,1,0.04021114485097054,4.444444444444445
5,1,0.028988199137974326,2.1052631578947367
5,1,0.03427134097900968,2.1052631578947367
5,1,0.06768709393057998,10.0
5,1,0.06002864269663055,8.51063829787234
5,1,0.020007463630703843,0.9803921568627451
5,1,0.14047757133413272,33.980582524271846
6,0,0.176107159447238,44.44444444444444
6,0,0.34457869692843907,51.63934426229508
6,0,0.29708876544293933,51.63934426229508
6,0,0.06073563560910294,8.51063829787234
6,0,0.06957568824204574,10.0
6,0,0.06106223264668316,8.51063829787234
6,0,0.0494384943769919,4.444444444444445
6,0,0.021787799206342634,0.9803921568627451
6,0,0.014747080285043335,0.0
6,0,0.03209524047066299,2.1052631578947367
6,0,0.012008630595705075,0.0
6,0,0.012904940016285563,0.0
6,0,0.07118253030777176,10.0
6,0,0.0847594876579753,20.588235294117645
6,0,0.04691969145661112,4.444444444444445
6,0,0.05097677681360557,4.444444444444445
6,0,0.32287886340178285,51.63934426229508
6,0,0.4622233561448257,69.33333333333334
6,0,0.6353727880180079,77.94117647058823
6,0,0.2948862308813173,51.63934426229508
6,0,0.4770937859437837,75.0
6,0,0.7261703104562532,79.6875
6,0,0.03392717980626027,2.1052631578947367
6,0,0.026486827052426273,0.9803921568627451
6,0,0.01442973819271978,0.0
6,0,0.020397269465787835,0.9803921568627451
6,0,0.05005337844516803,4.444444444444445
6,0,0.19364072500732854,44.44444444444444
6,0,0.6981736469054579,79.6875
6,1,0.9685585393958052,98.93617021276596
6,1,0.9721326311615534,98.93617021276596
6,1,0.9609972826670709,97.82608695652173
6,1,0.9718166193613097,98.93617021276596
6,1,0.9645952535340541,97.82608695652173
6,1,0.9519208413309352,95.94594594594594
6,1,0.9666925869325882,97.82608695652173
6,1,0.9527089817941903,95.94594594594594
6,1,0.9387982494442669,95.94594594594594
6,1,0.9624188587347522,97.82608695652173
6,1,0.9643476651547327,97.82608695652173
6,1,0.9532152476252916,95.94594594594594
6,1,0.9756655152987598,98.93617021276596
6,1,0.9683005462786634,98.93617021276596
6,1,0.9436660202929349,95.94594594594594
6,1,0.9511379349722698,95.94594594594594
6,1,0.9607219653086149,97.82608695652173
6,1,0.9545535734312408,95.94594594594594
6,1,0.9625141732803669,97.82608695652173
6,1,0.9652980377430096,97.82608695652173
6,1,0.969187510354162,98.93617021276596
6,1,0.9513628966782223,95.94594594594594
6,1,0.9501153938435867,95.94594594594594
6,1,0.9644216021481663,97.82608695652173
6,1,0.9621344544271574,97.82608695652173
6,1,0.9630311351448692,97.82608695652173
6,1,0.9476897412273111,95.94594594594594
6,1,0.9545938457142329,95.94594594594594
6,1,0.9473142913329574,95.94594594594594
6,1,0.9606490433440108,97.82608695652173
7,0,0.10575392555690837,24.489795918367346
7,0,0.019424325736645476,0.0
7,0,0.03676670528665907,2.1052631578947367
7,0,0.06937960200907428,10.0
7,0,0.06411384897310876,8.51063829787234
7,0,0.039336210895722215,2.1052631578947367
7,0,0.13458123782904224,33.980582524271846
7,0,0.2686751772626511,46.774193548387096
7,0,0.3002729108169884,51.63934426229508
7,0,0.2273038118749622,46.774193548387096
7,0,0.5567411246958706,75.0
7,0,0.3139586502010622,51.63934426229508
7,0,0.06835029470540621,10.0
7,0,0.35920440052928404,51.63934426229508
7,0,0.3068641886640506,51.63934426229508
7,0,0.04240121318976367,4.444444444444445
7,0,0.05659757197879832,7.6923076923076925
7,0,0.055547716999030466,4.444444444444445
7,0,0.07770037455354666,20.588235294117645
7,0,0.16372559702085812,33.980582524271846
7,0,0.16181290059200126,33.980582524271846
7,0,0.44973141547105255,69.33333333333334
7,0,0.5559562781867812,75.0
7,0,0.6550297261869997,77.94117647058823
7,0,0.2777822427598978,46.774193548387096
7,0,0.11070521254574336,24.489795918367346
7,0,0.09436670920364283,21.428571428571427
7,0,0.034786564255922296,2.1052631578947367
7,0,0.3593441045562388,51.63934426229508
7,1,0.7146475780358941,79.6875
7,1,0.6961282968899483,79.6875
7,1,0.7475116393802326,83.33333333333334
7,1,0.8565436212518608,95.72649572649573
7,1,0.6016642891905916,77.41935483870968
7,1,0.5964040801780204,77.41935483870968
7,1,0.47928296968909095,75.0
7,1,0.5427285323020619,75.0
7,1,0.5619588578706369,75.0
7,1,0.6005480627713875,77.41935483870968
7,1,0.7898102322603124,89.47368421052632
7,1,0.40576282201920444,69.33333333333334
7,1,0.3861257421395525,69.33333333333334
7,1,0.17704420927218248,44.44444444444444
7,1,0.3110956926747987,51.63934426229508
7,1,0.7488114304896945,89.47368421052632
7,1,0.5830396427623267,75.0
7,1,0.6641536659120703,77.94117647058823
7,1,0.9362119133178228,95.94594594594594
7,1,0.8068332703079467,89.47368421052632
7,1,0.5825996485881864,75.0
7,1,0.82709384283663,89.58333333333334
7,1,0.8965963397256328,95.72649572649573
7,1,0.9084587490491353,95.94594594594594
7,1,0.8332987475529672,89.58333333333334
7,1,0.5762543719163492,75.0
7,1,0.6568143682778038,77.94117647058823
7,1,0.7467779211263968,83.33333333333334
8,0,0.2835560606025092,46.774193548387096
8,0,0.09370810023475123,21.428571428571427
8,0,0.09538372160686719,21.428571428571427
8,0,0.00812314194574645,0.0
8,0,0.05091592863230477,4.444444444444445
8,0,0.16924790472913698,41.17647058823529
8,0,0.018273007427376066,0.0
8,0,0.024739323558919446,0.9803921568627451
8,0,0.06825994576658008,10.0
8,0,0.40962808642612847,69.33333333333334
8,0,0.28819308194663573,51.63934426229508
8,0,0.08760967313726575,21.428571428571427
8,0,0.06187529776153166,8.51063829787234
8,0,0.029008364062714113,2.1052631578947367
8,0,0.009542003624163665,0.0
8,0,0.04587208696634892,4.444444444444445
8,0,0.04586910833411084,4.444444444444445
8,0,0.02545344636106568,0.9803921568627451
8,0,0.020574054320344023,0.9803921568627451
8,0,0.023887635695066554,0.9803921568627451
8,0,0.024682164685447625,0.9803921568627451
8,0,0.010825842193752768,0.0
8,0,0.01474256596809629,0.0
8,0,0.16166811957314406,33.980582524271846
8,0,0.11966744052185743,33.980582524271846
8,0,0.09249299027810969,21.428571428571427
8,0,0.6595651595230094,77.94117647058823
8,0,0.025773628811891297,0.9803921568627451
8,0,0.22868874069780062,46.774193548387096
8,1,0.3005646052443812,51.63934426229508
8,1,0.26163626124882733,46.774193548387096
8,1,0.30154763517962646,51.63934426229508
8,1,0.7414747126213586,81.25
8,1,0.22268412723466863,46.774193548387096
8,1,0.08838705088440732,21.428571428571427
8,1,0.4164065716947914,69.33333333333334
8,1,0.2849157100061554,46.774193548387096
8,1,0.17663909994137683,44.44444444444444
8,1,0.6557526682864248,77.94117647058823
8,1,0.8298346559656139,89.58333333333334
8,1,0.567440360771266,75.0
8,1,0.15325515197692116,33.980582524271846
8,1,0.16714393138170675,41.17647058823529
8,1,0.3932204560308064,69.33333333333334
8,1,0.6296802464761946,77.94117647058823
8,1,0.8662480889650399,95.72649572649573
8,1,0.7585262166733198,89.47368421052632
8,1,0.4703844987603718,69.33333333333334
8,1,0.21412977615139686,46.774193548387096
8,1,0.09859172190178968,24.489795918367346
8,1,0.3206224408500704,51.63934426229508
8,1,0.8493724348858308,95.72649572649573
8,1,0.3401675846451594,51.63934426229508
8,1,0.8139778743868722,89.58333333333334
8,1,0.6088241011119536,77.41935483870968
8,1,0.6955023546151405,79.6875
8,1,0.33600512696161317,51.63934426229508
8,1,0.2280846455833202,46.774193548387096
8,1,0.7457665993082174,83.33333333333334
9,0,0.015564481411930143,0.0
9,0,0.014289641063757028,0.0
9,0,0.04431487289063165,4.444444444444445
9,0,0.22674294987628632,46.774193548387096
9,0,0.8051021882676809,89.47368421052632
9,0,0.012330652200816418,0.0
9,0,0.014560992117146159,0.0
9,0,0.020345505789624786,0.9803921568627451
9,0,0.007574938476820079,0.0
9,0,0.010485866455351725,0.0
9,0,0.01672153612254548,0.0
9,0,0.035405120273416794,2.1052631578947367
9,0,0.026652926778223753,0.9803921568627451
9,0,0.020240277632565355,0.9803921568627451
9,0,0.03544108048506807,2.1052631578947367
9,0,0.03822903403727303,2.1052631578947367
9,0,0.09610981370360748,21.428571428571427
9,0,0.047724595417726376,4.444444444444445
9,0,0.028628563587224477,0.9803921568627451
9,0,0.04562048441500169,4.444444444444445
9,0,0.018722934298235492,0.0
9,0,0.015708564602043663,0.0
9,0,0.012454641927385058,0.0
9,0,0.016352759821388254,0.0
9,0,0.016491145558446257,0.0
9,0,0.020220992821379506,0.9803921568627451
9,0,0.18875264477338055,44.44444444444444
9,1,0.7830481484187964,89.47368421052632
9,1,0.8901396337975447,95.72649572649573
9,1,0.7442669448649463,81.25
9,1,0.5559848587587614,75.0
9,1,0.6579961516373337,77.94117647058823
9,1,0.7423998469744412,81.25
9,1,0.8387477276898683,95.72649572649573
9,1,0.8346929128893089,89.58333333333334
9,1,0.8580632927328878,95.72649572649573
9,1,0.8658131335286804,95.72649572649573
9,1,0.27908430722925887,46.774193548387096
9,1,0.6732507444158174,77.94117647058823
9,1,0.8732352685177263,95.72649572649573
9,1,0.8876496483137724,95.72649572649573
9,1,0.8457180689053743,95.72649572649573
9,1,0.7332738927089392,79.6875
9,1,0.853126458713497,95.72649572649573
9,1,0.86484632714841,95.72649572649573
9,1,0.9192274610699909,95.94594594594594
9,1,0.879668641125026,95.72649572649573
9,1,0.8004129473317314,89.47368421052632
9,1,0.8570334286473219,95.72649572649573
9,1,0.7324891095833999,79.6875
9,1,0.7130541485774532,79.6875
9,1,0.8741957949974986,95.72649572649573
9,1,0.6980556808491476,79.6875
9,1,0.6014032129448087,77.41935483870968
9,1,0.6757310486827077,77.94117647058823
9,1,0.8642252597079968,95.72649572649573
9,1,0.8256180259696402,89.58333333333334
10,0,0.24304276292630578,46.774193548387096
10,0,0.3221153984560906,51.63934426229508
10,0,0.08102615154239547,20.588235294117645
10,0,0.10364135680731265,24.489795918367346
10,0,0.04911832588969352,4.444444444444445
10,0,0.49768425211316264,75.0
10,0,0.0730164841885079,10.0
10,0,0.36515620561430434,51.63934426229508
10,0,0.13371372673645474,33.980582524271846
10,0,0.044511622822534416,4.444444444444445
10,0,0.1407386007309307,33.980582524271846
10,0,0.4648229262644515,69.33333333333334
10,0,0.42444239647941906,69.33333333333334
10,0,0.34864974314878067,51.63934426229508
10,0,0.13759027290010836,33.980582524271846
10,0,0.30704206897310965,51.63934426229508
10,0,0.29232988800844145,51.63934426229508
10,0,0.06231011736017121,8.51063829787234
10,0,0.07903952961973851,20.588235294117645
10,0,0.30633414311717116,51.63934426229508
10,0,0.18365163947697236,44.44444444444444
10,0,0.15585013523159352,33.980582524271846
10,0,0.31725461529509086,51.63934426229508
10,0,0.18382264351806182,44.44444444444444
10,0,0.23759153834273997,46.774193548387096
10,0,0.26308993236464145,46.774193548387096
10,0,0.17087326313993279,41.17647058823529
10,0,0.059030763889785474,8.51063829787234
10,0,0.08339088295590202,20.588235294117645
10,1,0.9334056492374216,95.94594594594594
10,1,0.8966326853083261,95.72649572649573
10,1,0.9274064625970319,95.94594594594594
10,1,0.9298110607108042,95.94594594594594
10,1,0.8548252910702037,95.72649572649573
10,1,0.8445749775978455,95.72649572649573
10,1,0.9079054400338537,95.94594594594594
10,1,0.8440072415959106,95.72649572649573
10,1,0.5571584275558908,75.0
10,1,0.7908002614822268,89.47368421052632
10,1,0.8165337132351331,89.58333333333334
10,1,0.8621969218354865,95.72649572649573
10,1,0.8809351424660171,95.72649572649573
10,1,0.8378411348475598,95.72649572649573
10,1,0.8970533336104377,95.72649572649573
10,1,0.7832740407941168,89.47368421052632
10,1,0.7385275016980457,81.25
10,1,0.8625283625593474,95.72649572649573
10,1,0.8957878041610947,95.72649572649573
10,1,0.9032881497955731,95.72649572649573
10,1,0.905568110418455,95.94594594594594
10,1,0.9075409929151803,95.94594594594594
10,1,0.9215668539755066,95.94594594594594
10,1,0.9127929301351199,95.94594594594594
10,1,0.886826467937074,95.72649572649573
10,1,0.896506987979371,95.72649572649573
10,1,0.8375847178288905,95.72649572649573
10,1,0.5838829451388411,75.0
10,1,0.8535858695023253,95.72649572649573
10,1,0.7383174650378951,81.25
11,0,0.06421803424223589,8.51063829787234
11,0,0.0699015870837684,10.0
11,0,0.019178963118924242,0.0
11,0,0.0150024873141346,0.0
11,0,0.02073194977541192,0.9803921568627451
11,0,0.23249445771880986,46.774193548387096
11,0,0.25105028376545396,46.774193548387096
11,0,0.11004717965258135,24.489795918367346
11,0,0.03405994071510987,2.1052631578947367
11,0,0.007434800650852162,0.0
11,0,0.005817515162483405,0.0
11,0,0.013860284622763203,0.0
11,0,0.010358399492087052,0.0
11,0,0.03637713286380219,2.1052631578947367
11,0,0.2488119514584622,46.774193548387096
11,0,0.1496857322813007,33.980582524271846
11,0,0.021174449012399427,0.9803921568627451
11,0,0.03596435238423372,2.1052631578947367
11,0,0.335766363718618,51.63934426229508
11,0,0.2267233404897565,46.774193548387096
11,0,0.011789415109857329,0.0
11,0,0.025970358017322687,0.9803921568627451
11,0,0.03986496299582534,2.1052631578947367
11,0,0.013933519532483146,0.0
11,0,0.010993533693904704,0.0
11,0,0.17517546322111477,44.44444444444444
11,0,0.7977078527027754,89.47368421052632
11,0,0.8295798254520693,89.58333333333334
11,0,0.8352503088255389,89.58333333333334
11,1,0.6484846248279688,77.94117647058823
11,1,0.3308504466086459,51.63934426229508
11,1,0.2249572717501061,46.774193548387096
11,1,0.3227590301823664,51.63934426229508
11,1,0.5415518001155382,75.0
11,1,0.5574249337345492,75.0
11,1,0.4723125715050378,75.0
11,1,0.4791878698442497,75.0
11,1,0.31911781470319206,51.63934426229508
11,1,0.1664239414461299,41.17647058823529
11,1,0.19793714717562946,46.774193548387096
11,1,0.37831892897813313,61.53846153846154
11,1,0.280831870061775,46.774193548387096
11,1,0.2108636701559678,46.774193548387096
11,1,0.17359594158584346,44.44444444444444
11,1,0.2621740628715563,46.774193548387096
11,1,0.2172369163159712,46.774193548387096
11,1,0.07895088461040464,20.588235294117645
11,1,0.2937928781976284,51.63934426229508
11,1,0.2770724063298157,46.774193548387096
11,1,0.1960168313714991,46.774193548387096
11,1,0.5942055900958813,75.0
11,1,0.5975800886710015,77.41935483870968
11,1,0.3934449493650053,69.33333333333334
11,1,0.6026331625140219,77.41935483870968
11,1,0.36556640487724434,51.63934426229508
11,1,0.8353028764710388,89.58333333333334
11,1,0.5010428307033862,75.0
11,1,0.2976921681172989,51.63934426229508
11,1,0.5839420091101042,75.0
12,0,0.03533522237298729,2.1052631578947367
12,0,0.01734126560517785,0.0
12,0,0.0205217705389191,0.9803921568627451
12,0,0.050661838494743094,4.444444444444445
12,0,0.03464596572200361,2.1052631578947367
12,0,0.050955388993020115,4.444444444444445
12,0,0.05756082942020556,7.6923076923076925
12,0,0.01624251105688353,0.0
12,0,0.0254361207980358,0.9803921568627451
12,0,0.030248037669853404,2.1052631578947367
12,0,0.05725747119889007,7.6923076923076925
12,0,0.03743992847895121,2.1052631578947367
12,0,0.052819604282350024,4.444444444444445
12,0,0.18115944224633737,44.44444444444444
12,0,0.16223682566478914,33.980582524271846
12,0,0.3248478834392546,51.63934426229508
12,0,0.022978292723898494,0.9803921568627451
12,0,0.09699757164878978,21.428571428571427
12,1,0.1679726353182365,41.17647058823529
12,1,0.10774389078452347,24.489795918367346
12,1,0.11826186289319567,33.980582524271846
12,1,0.12836893606791944,33.980582524271846
12,1,0.08316815175385427,20.588235294117645
12,1,0.06697002087109832,10.0
12,1,0.12031075487278818,33.980582524271846
12,1,0.30054457249552047,51.63934426229508
12,1,0.20828896005929978,46.774193548387096
12,1,0.14754513762240976,33.980582524271846
12,1,0.2873608013356866,51.63934426229508
12,1,0.2120827614359961,46.774193548387096
12,1,0.22644740070344221,46.774193548387096
12,1,0.12153655454695934,33.980582524271846
12,1,0.12199874836820725,33.980582524271846
12,1,0.23467969955690277,46.774193548387096
12,1,0.05089269464863045,4.444444444444445
12,1,0.04350393132145639,4.444444444444445
12,1,0.1266603987842084,33.980582524271846
12,1,0.16897119139459027,41.17647058823529
12,1,0.08137573309736226,20.588235294117645
12,1,0.25684507481619434,46.774193548387096
12,1,0.31788929388945125,51.63934426229508
12,1,0.1587294158715978,33.980582524271846
12,1,0.06361881287682282,8.51063829787234
12,1,0.07063776442227834,10.0
12,1,0.10296051321531634,24.489795918367346
12,1,0.13525894662224153,33.980582524271846
12,1,0.0877659777067535,21.428571428571427
12,1,0.23474829475062112,46.774193548387096
13,0,0.14341178386019698,33.980582524271846
13,0,0.15309198982481198,33.980582524271846
13,0,0.06743631190680327,10.0
13,0,0.018017720299734533,0.0
13,0,0.025959406557008236,0.9803921568627451
13,0,0.2935574862987705,51.63934426229508
13,0,0.6147761736858677,77.41935483870968
13,0,0.017442765413541794,0.0
13,0,0.033293305369965054,2.1052631578947367
13,0,0.07111893423934205,10.0
13,0,0.09856562447819817,24.489795918367346
13,0,0.053089149672409054,4.444444444444445
13,0,0.26789263812361497,46.774193548387096
13,0,0.05273460654486012,4.444444444444445
13,0,0.036603800600419255,2.1052631578947367
13,0,0.018435547699696617,0.0
13,0,0.058577263668983234,8.51063829787234
13,0,0.13827764279455299,33.980582524271846
13,0,0.10851767999903834,24.489795918367346
13,0,0.043088515464358004,4.444444444444445
13,0,0.786161166786222,89.47368421052632
13,0,0.3663428080189969,51.63934426229508
13,0,0.3728803863346225,51.63934426229508
13,0,0.3291237822044804,51.63934426229508
13,0,0.25229903132437176,46.774193548387096
13,0,0.08333631704207158,20.588235294117645
13,0,0.04253686118903637,4.444444444444445
13,0,0.025910532887653194,0.9803921568627451
13,0,0.32501779433163425,51.63934426229508
13,1,0.2138149343034659,46.774193548387096
13,1,0.07337046541168232,10.0
13,1,0.1807709208223836,44.44444444444444
13,1,0.8012343163319806,89.47368421052632
13,1,0.6154611067060582,77.41935483870968
13,1,0.5329851358942302,75.0
13,1,0.22760946959160314,46.774193548387096
13,1,0.5138272761662569,75.0
13,1,0.3687401087186783,51.63934426229508
13,1,0.35471974107449544,51.63934426229508
13,1,0.7427300532281962,81.25
13,1,0.6115441290717873,77.41935483870968
13,1,0.5905514211042844,75.0
13,1,0.19972715163416035,46.774193548387096
13,1,0.12489130881233321,33.980582524271846
13,1,0.22805500904304685,46.774193548387096
13,1,0.4017168037756811,69.33333333333334
13,1,0.2290587708321431,46.774193548387096
13,1,0.14435033790647592,33.980582524271846
13,1,0.15109493053281273,33.980582524271846
13,1,0.29304224450366695,51.63934426229508
13,1,0.24401506457085792,46.774193548387096
13,1,0.10632339457626643,24.489795918367346
13,1,0.1405919583351889,33.980582524271846
13,1,0.20697441010793524,46.774193548387096
13,1,0.367333764133206,51.63934426229508
13,1,0.0930043276040646,21.428571428571427
13,1,0.10713427757437381,24.489795918367346
13,1,0.1349418679927839,33.980582524271846
13,1,0.4844828148020333,75.0
14,0,0.08308111202411365,20.588235294117645
14,0,0.4117838633155368,69.33333333333334
14,0,0.435423864683811,69.33333333333334
14,0,0.10604213745208109,24.489795918367346
14,0,0.02015028981771074,0.9803921568627451
14,0,0.0626481945759812,8.51063829787234
14,0,0.07515797735878926,10.0
14,0,0.01386648750997783,0.0
14,0,0.018287799878343603,0.0
14,0,0.035340907627276916,2.1052631578947367
14,0,0.07708061244251167,10.0
14,0,0.07736657423299328,10.0
14,0,0.10548607490383925,24.489795918367346
14,0,0.06628519826021909,8.51063829787234
14,0,0.02232318272268315,0.9803921568627451
14,0,0.6818535198330419,77.94117647058823
14,0,0.5353164692301199,75.0
14,0,0.23869926760228125,46.774193548387096
14,0,0.08182694968429761,20.588235294117645
14,0,0.20096695787217575,46.774193548387096
14,0,0.07406075514457784,10.0
14,0,0.03960909087258858,2.1052631578947367
14,0,0.026478204533170204,0.9803921568627451
14,0,0.15245397649708314,33.980582524271846
14,0,0.04228058524759506,4.444444444444445
14,0,0.011372376933440493,0.0
14,0,0.01992220477180757,0.0
14,0,0.021713013232373086,0.9803921568627451
14,0,0.541255969179008,75.0
14,1,0.6713529179034537,77.94117647058823
14,1,0.49150629065386303,75.0
14,1,0.5762662026138305,75.0
14,1,0.922520478044817,95.94594594594594
14,1,0.8709672705139236,95.72649572649573
14,1,0.4386276235109542,69.33333333333334
14,1,0.5735530533284419,75.0
14,1,0.3506320347088396,51.63934426229508
14,1,0.5963958546006456,77.41935483870968
14,1,0.6094127034230805,77.41935483870968
14,1,0.22730159286135773,46.774193548387096
14,1,0.3888335809739221,69.33333333333334
14,1,0.15166281377761576,33.980582524271846
14,1,0.251476565231444,46.774193548387096
14,1,0.47674251280400265,75.0
14,1,0.7055951694635523,79.6875
14,1,0.579904495559899,75.0
14,1,0.4195184057516562,69.33333333333334
14,1,0.6204566915416024,77.94117647058823
14,1,0.7426979662708225,81.25
14,1,0.31579703687611327,51.63934426229508
14,1,0.4621944639886073,69.33333333333334
14,1,0.7223356471816456,79.6875
14,1,0.380754753229564,61.53846153846154
14,1,0.5209658370080199,75.0
15,0,0.04857237068960992,4.444444444444445
15,0,0.04966387958031646,4.444444444444445
15,0,0.0717246429082463,10.0
15,0,0.03676773512439084,2.1052631578947367
15,0,0.027097291055150144,0.9803921568627451
15,0,0.05118372432821419,4.444444444444445
15,0,0.047265245844984066,4.444444444444445
15,0,0.05123026805669585,4.444444444444445
15,0,0.07577042974383456,10.0
15,0,0.20052054179175982,46.774193548387096
15,0,0.22537846595000416,46.774193548387096
15,0,0.10240206427241606,24.489795918367346
15,0,0.03592491029104227,2.1052631578947367
15,0,0.027100944030631638,0.9803921568627451
15,0,0.02497069431434636,0.9803921568627451
15,0,0.010484283235216585,0.0
15,0,0.03954395307703122,2.1052631578947367
15,0,0.03509848336767846,2.1052631578947367
15,0,0.026664379209141473,0.9803921568627451
15,0,0.03550351494206435,2.1052631578947367
15,0,0.27933971031517774,46.774193548387096
15,0,0.39857978058461313,69.33333333333334
15,0,0.11010141732143941,24.489795918367346
15,0,0.030669842335163223,2.1052631578947367
15,0,0.013021001226991409,0.0
15,0,0.011209963272845342,0.0
15,0,0.02209273679528637,0.9803921568627451
15,0,0.014336857238815988,0.0
15,0,0.19286064820690355,44.44444444444444
15,1,0.816224494498509,89.58333333333334
15,1,0.7878387155672516,89.47368421052632
15,1,0.5536251288513582,75.0
15,1,0.38639781796534217,69.33333333333334
15,1,0.308028424928412,51.63934426229508
15,1,0.44847189531602566,69.33333333333334
15,1,0.397947380537485,69.33333333333334
15,1,0.5391607751179206,75.0
15,1,0.6785370204986229,77.94117647058823
15,1,0.6471873061861542,77.94117647058823
15,1,0.6429817932910932,77.94117647058823
15,1,0.5604355588874059,75.0
15,1,0.3566813251586677,51.63934426229508
15,1,0.6452301865279858,77.94117647058823
15,1,0.37885968660013913,61.53846153846154
15,1,0.20714047846567396,46.774193548387096
15,1,0.7980966417074047,89.47368421052632
15,1,0.7540725258128088,89.47368421052632
15,1,0.18287749757760166,44.44444444444444
15,1,0.2590180312879732,46.774193548387096
15,1,0.4967715457713012,75.0
15,1,0.7779202075699836,89.47368421052632
15,1,0.8121906883383704,89.47368421052632
15,1,0.58802394514928,75.0
15,1,0.5602736803727567,75.0
15,1,0.38729745464786536,69.33333333333334
15,1,0.6357013113431865,77.94117647058823
15,1,0.6458438741420963,77.94117647058823
16,0,0.09781966935455409,24.489795918367346
16,0,0.09446505867212057,21.428571428571427
16,0,0.0735675373157574,10.0
16,0,0.08053420369147204,20.588235294117645
16,0,0.03920884034570971,2.1052631578947367
16,0,0.03829403215048809,2.1052631578947367
16,0,0.023508782453983117,0.9803921568627451
16,0,0.03578830368539024,2.1052631578947367
16,0,0.13262303635777922,33.980582524271846
16,0,0.07192045501236294,10.0
16,0,0.0554172223470982,4.444444444444445
16,0,0.1659732753158669,41.17647058823529
16,0,0.08482904125229165,20.588235294117645
16,0,0.0572291021165032,7.6923076923076925
16,0,0.0760567344069768,10.0
16,0,0.04561927939807228,4.444444444444445
16,0,0.15868188021073903,33.980582524271846
16,0,0.2466906145721271,46.774193548387096
16,0,0.10698151333572015,24.489795918367346
16,0,0.42275827082792994,69.33333333333334
16,0,0.0984937624984799,24.489795918367346
16,0,0.11913574767512425,33.980582524271846
16,0,0.14631221095372524,33.980582524271846
16,0,0.09050300656683044,21.428571428571427
16,0,0.05285328933869711,4.444444444444445
16,0,0.1120780448053488,24.489795918367346
16,0,0.1799824423579381,44.44444444444444
16,0,0.11154596895790864,24.489795918367346
16,0,0.6077422348554419,77.41935483870968
16,1,0.22144058565543523,46.774193548387096
16,1,0.2511524395261815,46.774193548387096
16,1,0.15387980172361304,33.980582524271846
16,1,0.1729235570089291,44.44444444444444
16,1,0.09427292240472712,21.428571428571427
16,1,0.09730012137460353,24.489795918367346
16,1,0.8726152533216874,95.72649572649573
16,1,0.9803519204031732,98.93617021276596
16,1,0.977937641435979,98.93617021276596
16,1,0.9737035033960636,98.93617021276596
16,1,0.9669385087122627,97.82608695652173
16,1,0.9832925442421014,98.93617021276596
16,1,0.9820947497823056,98.93617021276596
16,1,0.9441994368860422,95.94594594594594
16,1,0.6329126630368002,77.94117647058823
16,1,0.6674437367759049,77.94117647058823
16,1,0.8955386615772085,95.72649572649573
16,1,0.8296961722962767,89.58333333333334
16,1,0.4940361165343917,75.0
16,1,0.4390059988489648,69.33333333333334
16,1,0.5285087948520885,75.0
16,1,0.9731911649332358,98.93617021276596
16,1,0.9702041779052378,98.93617021276596
16,1,0.42676478328267287,69.33333333333334
16,1,0.6591823995071999,77.94117647058823
16,1,0.9283896055517489,95.94594594594594
16,1,0.9605029929772173,97.82608695652173
16,1,0.663639131310449,77.94117647058823
16,1,0.48151213487801026,75.0
16,1,0.7888528459027627,89.47368421052632
17,0,0.04177118395287083,4.444444444444445
17,0,0.021289436842593264,0.9803921568627451
17,0,0.015743665764519684,0.0
17,0,0.05824256188519415,8.51063829787234
17,0,0.053061412014125335,4.444444444444445
17,0,0.018377406968231685,0.0
17,0,0.011109106963820668,0.0
17,0,0.0740212557046722,10.0
17,0,0.7278702420656096,79.6875
17,0,0.4440759338181363,69.33333333333334
17,0,0.3173253744377109,51.63934426229508
17,0,0.03840360172978655,2.1052631578947367
17,0,0.05239556409975213,4.444444444444445
17,0,0.05848579374336529,8.51063829787234
17,0,0.06311576449722361,8.51063829787234
17,0,0.01785821461432975,0.0
17,0,0.018973353637438774,0.0
17,0,0.06195203805266376,8.51063829787234
17,0,0.22923802360856368,46.774193548387096
17,0,0.0906619270224427,21.428571428571427
17,0,0.056459884846546085,7.6923076923076925
17,0,0.04055204415688909,4.444444444444445
17,0,0.03073421918080502,2.1052631578947367
17,0,0.12613713291381504,33.980582524271846
17,0,0.08705942127095703,20.588235294117645
17,0,0.0577121166528463,7.6923076923076925
17,0,0.014473703664774913,0.0
17,0,0.04572314272552628,4.444444444444445
17,0,0.3002976632581763,51.63934426229508
17,1,0.11551444517277168,33.980582524271846
17,1,0.18473853678977353,44.44444444444444
17,1,0.6907572761684937,79.6875
17,1,0.28620425752201006,51.63934426229508
17,1,0.6222811887960487,77.94117647058823
17,1,0.9395326967796002,95.94594594594594
17,1,0.9396642107564097,95.94594594594594
17,1,0.9340042761214994,95.94594594594594
17,1,0.5305913784530023,75.0
17,1,0.11377566630764294,33.33333333333333
17,1,0.4132461237108523,69.33333333333334
17,1,0.5835729354917832,75.0
17,1,0.4113217226199219,69.33333333333334
17,1,0.2563181727195711,46.774193548387096
17,1,0.5925503550093809,75.0
17,1,0.8505077383578926,95.72649572649573
17,1,0.37865635222016125,61.53846153846154
17,1,0.8218000695533282,89.58333333333334
17,1,0.9186823492403908,95.94594594594594
17,1,0.6061993568798556,77.41935483870968
17,1,0.2938511560793581,51.63934426229508
17,1,0.42349255177491824,69.33333333333334
17,1,0.6756219910205088,77.94117647058823
17,1,0.5623056989023771,75.0
17,1,0.6967682246187121,79.6875
17,1,0.7899676147065976,89.47368421052632
17,1,0.8105720541225908,89.47368421052632
17,1,0.3007843099400751,51.63934426229508
17,1,0.7416752328725712,81.25
17,1,0.8237493815199961,89.58333333333334
18,0,0.0644399362802213,8.51063829787234
18,0,0.16206226743680846,33.980582524271846
18,0,0.016808938061643235,0.0
18,0,0.027699555591232734,0.9803921568627451
18,0,0.5432665392144519,75.0
18,0,0.2226100992823008,46.774193548387096
18,0,0.17629587253789156,44.44444444444444
18,0,0.4554842659130744,69.33333333333334
18,0,0.19077669372531972,44.44444444444444
18,0,0.0367617542514199,2.1052631578947367
18,0,0.04451807514423366,4.444444444444445
18,0,0.6680292765182965,77.94117647058823
18,0,0.027431014995778234,0.9803921568627451
18,0,0.04021818785222721,4.444444444444445
18,0,0.07172895133987385,10.0
18,0,0.12328227372676548,33.980582524271846
18,0,0.07582124997872061,10.0
18,0,0.025789240487862262,0.9803921568627451
18,0,0.014009076599549749,0.0
18,0,0.0189318233214838,0.0
18,0,0.019905003323512402,0.0
18,0,0.01985229162299611,0.0
18,0,0.040818796320186854,4.444444444444445
18,0,0.10967368315207925,24.489795918367346
18,0,0.14463030678118624,33.980582524271846
18,0,0.17113427323335678,41.17647058823529
18,0,0.0658342568295638,8.51063829787234
18,0,0.07736847052826895,10.0
18,0,0.1835985211206464,44.44444444444444
18,1,0.7380410250468712,81.25
18,1,0.6892488973050299,79.6875
18,1,0.8230813179971284,89.58333333333334
18,1,0.8606959934236673,95.72649572649573
18,1,0.7128036130973139,79.6875
18,1,0.7475319970041052,83.33333333333334
18,1,0.4540820593990115,69.33333333333334
18,1,0.6067124132519583,77.41935483870968
18,1,0.7262520173262399,79.6875
18,1,0.8077986698168762,89.47368421052632
18,1,0.7617077462371367,89.47368421052632
18,1,0.6824658955128194,79.6875
18,1,0.8154193419412097,89.58333333333334
18,1,0.7683633244826434,89.47368421052632
18,1,0.7651514243455216,89.47368421052632
18,1,0.53506602716093,75.0
18,1,0.6575907636422942,77.94117647058823
18,1,0.46263460094682407,69.33333333333334
18,1,0.3948695924454508,69.33333333333334
18,1,0.32576547378468024,51.63934426229508
18,1,0.32262473905304767,51.63934426229508
18,1,0.38790863950464194,69.33333333333334
18,1,0.3687003931809863,51.63934426229508
18,1,0.3238354413580727,51.63934426229508
18,1,0.14221153638883158,33.980582524271846
18,1,0.21183611104141026,46.774193548387096
18,1,0.4136801110223605,69.33333333333334
18,1,0.871023610696945,95.72649572649573
18,1,0.7521025166022005,89.47368421052632
18,1,0.31214416652309507,51.63934426229508
19,0,0.010679526261040517,0.0
19,0,0.006594535380068154,0.0
19,0,0.00909149440936857,0.0
19,0,0.008828867552149776,0.0
19,0,0.011668853266313207,0.0
19,0,0.012000233125256672,0.0
19,0,0.012770756150792706,0.0
19,0,0.01059819729979366,0.0
19,0,0.007803432085546878,0.0
19,0,0.008333976498764549,0.0
19,0,0.01097213014852249,0.0
19,0,0.00747330829391158,0.0
19,0,0.01452481728782925,0.0
19,0,0.013222119242002875,0.0
19,0,0.010898146157628501,0.0
19,0,0.012121650343317927,0.0
19,0,0.00915111116424399,0.0
19,0,0.007199065003378347,0.0
19,0,0.007990345401962968,0.0
19,0,0.010613614536366054,0.0
19,0,0.016659204578466105,0.0
19,0,0.00858418608180244,0.0
19,0,0.013799339376427265,0.0
19,0,0.019337156756103677,0.0
19,0,0.013280993995954024,0.0
19,0,0.02099422858982653,0.9803921568627451
19,0,0.018311645685207847,0.0
19,0,0.0076658723789184875,0.0
19,0,0.2908608361951737,51.63934426229508
19,1,0.9650806290523789,97.82608695652173
19,1,0.8867789039723583,95.72649572649573
19,1,0.9096942032110694,95.94594594594594
19,1,0.9397967421418908,95.94594594594594
19,1,0.9120085047632609,95.94594594594594
19,1,0.8915245989075592,95.72649572649573
19,1,0.9335727079888392,95.94594594594594
19,1,0.9607830070193096,97.82608695652173
19,1,0.9102684548914277,95.94594594594594
19,1,0.747135032455917,83.33333333333334
19,1,0.8212754895705755,89.58333333333334
19,1,0.9020929730461196,95.72649572649573
19,1,0.8682133260581543,95.72649572649573
19,1,0.9484449212334978,95.94594594594594
19,1,0.9292978198526427,95.94594594594594
19,1,0.7143313796159656,79.6875
19,1,0.9046499932557761,95.94594594594594
19,1,0.9469766165133002,95.94594594594594
19,1,0.9801246692882187,98.93617021276596
19,1,0.9725134932549176,98.93617021276596
19,1,0.9680986190648917,98.93617021276596
19,1,0.9394794941597268,95.94594594594594
19,1,0.9736949374077795,98.93617021276596
19,1,0.9776146031936869,98.93617021276596
19,1,0.9669041207012313,97.82608695652173
19,1,0.8591665661288974,95.72649572649573
19,1,0.8585774179240931,95.72649572649573
19,1,0.9085990652200505,95.94594594594594
19,1,0.8788319089292145,95.72649572649573
19,1,0.8836214651887669,95.72649572649573
20,0,0.16822144567830505,41.17647058823529
20,0,0.1293413689527513,33.980582524271846
20,0,0.04033585638337122,4.444444444444445
20,0,0.26483013310871817,46.774193548387096
20,0,0.4397227868737006,69.33333333333334
20,0,0.794740366039425,89.47368421052632
20,0,0.776526402355629,89.47368421052632
20,0,0.8372996480251541,89.58333333333334
20,0,0.7428137853887945,81.25
20,0,0.14066092561303273,33.980582524271846
20,0,0.0865814235617711,20.588235294117645
20,0,0.21912932380034006,46.774193548387096
20,0,0.787810796784947,89.47368421052632
20,0,0.37645779924696804,51.63934426229508
20,0,0.24267305164752628,46.774193548387096
20,0,0.32066477661146936,51.63934426229508
20,0,0.062013036149254804,8.51063829787234
20,0,0.2278272664723198,46.774193548387096
20,0,0.30412134448958134,51.63934426229508
20,0,0.1353873850420441,33.980582524271846
20,0,0.028264484174726743,0.9803921568627451
20,0,0.045145158813163104,4.444444444444445
20,0,0.2933894461594894,51.63934426229508
20,0,0.42016688469639,69.33333333333334
20,0,0.2589886171949582,46.774193548387096
20,0,0.3400547721626847,51.63934426229508
20,0,0.3595708577410302,51.63934426229508
20,1,0.983349886240792,98.93617021276596
20,1,0.9818403125919298,98.93617021276596
20,1,0.9829972655500394,98.93617021276596
20,1,0.9740809802007673,98.93617021276596
20,1,0.9743862609596836,98.93617021276596
20,1,0.974469547015958,98.93617021276596
20,1,0.9732124668397022,98.93617021276596
20,1,0.9724731574390765,98.93617021276596
20,1,0.9701735368832576,98.93617021276596
20,1,0.9766939151631843,98.93617021276596
20,1,0.9681255394364418,98.93617021276596
20,1,0.9718346462142925,98.93617021276596
20,1,0.965885557494438,97.82608695652173
20,1,0.9644500812110549,97.82608695652173
20,1,0.9749278107789735,98.93617021276596
20,1,0.9615666533507259,97.82608695652173
20,1,0.946843454886065,95.94594594594594
20,1,0.942263517863594,95.94594594594594
20,1,0.9669908073213144,97.82608695652173
20,1,0.9631981899449368,97.82608695652173
20,1,0.9620704802041435,97.82608695652173
20,1,0.9373649754549025,95.94594594594594
20,1,0.9040918158888837,95.72649572649573
20,1,0.9669316449282573,97.82608695652173
20,1,0.9687965704355892,98.93617021276596
20,1,0.9705403301451212,98.93617021276596
20,1,0.9689014632507615,98.93617021276596
20,1,0.9711622619605998,98.93617021276596
20,1,0.9565252191675865,95.94594594594594
20,1,0.9762791819203095,98.93617021276596
21,0,0.049295997325182625,4.444444444444445
21,0,0.061509663632128425,8.51063829787234
21,0,0.09789165128326156,24.489795918367346
21,0,0.7434141979070281,81.25
21,0,0.642247139358221,77.94117647058823
21,0,0.056825793757639874,7.6923076923076925
21,0,0.07882811524212521,20.588235294117645
21,0,0.06262140563685963,8.51063829787234
21,0,0.03192963330468523,2.1052631578947367
21,0,0.05261794312580451,4.444444444444445
21,0,0.03815509922789572,2.1052631578947367
21,0,0.07626382706161025,10.0
21,0,0.02748792158390604,0.9803921568627451
21,0,0.018576474889090484,0.0
21,0,0.02482881798250764,0.9803921568627451
21,0,0.018277110271014817,0.0
21,0,0.02562895390853862,0.9803921568627451
21,0,0.020002269997197352,0.0
21,0,0.038581690058945864,2.1052631578947367
21,0,0.36633089597827817,51.63934426229508
21,0,0.4219428344140264,69.33333333333334
21,0,0.04260445460320348,4.444444444444445
21,0,0.09653633886472239,21.428571428571427
21,0,0.03371805839677846,2.1052631578947367
21,0,0.050442876268837436,4.444444444444445
21,0,0.06410511804148043,8.51063829787234
21,0,0.016940710172324392,0.0
21,0,0.030971640525391152,2.1052631578947367
21,0,0.2316750126675168,46.774193548387096
21,1,0.26980696030402324,46.774193548387096
21,1,0.6646068823319035,77.94117647058823
21,1,0.14935824717999613,33.980582524271846
21,1,0.08075631846728233,20.588235294117645
21,1,0.13964432397913937,33.980582524271846
21,1,0.32363140713368227,51.63934426229508
21,1,0.26003992596241343,46.774193548387096
21,1,0.20460663065154736,46.774193548387096
21,1,0.16617739203969076,41.17647058823529
21,1,0.10294648212657605,24.489795918367346
21,1,0.08739612039792864,21.428571428571427
21,1,0.7286525983338098,79.6875
21,1,0.6194727643660439,77.94117647058823
21,1,0.30248483829557354,51.63934426229508
21,1,0.060674286590313056,8.51063829787234
21,1,0.057893717594638114,8.51063829787234
21,1,0.09821453827066899,24.489795918367346
21,1,0.07149342537213006,10.0
21,1,0.20581954376008627,46.774193548387096
21,1,0.15115420865823084,33.980582524271846
21,1,0.12822977168406846,33.980582524271846
21,1,0.15345004167521,33.980582524271846
21,1,0.44590105053519713,69.33333333333334
21,1,0.3482110633709385,51.63934426229508
21,1,0.18723865938348166,44.44444444444444
21,1,0.3204968118963882,51.63934426229508
21,1,0.5052093436434539,75.0
21,1,0.1198565339979788,33.980582524271846
21,1,0.05618935546101689,7.6923076923076925
21,1,0.2140730497271824,46.774193548387096
22,0,0.02071639165695425,0.9803921568627451
22,0,0.0952449524520251,21.428571428571427
22,0,0.17304654915430914,44.44444444444444
22,0,0.2915938467986318,51.63934426229508
22,0,0.07138503697617385,10.0
22,0,0.011521394395147672,0.0
22,0,0.0664806539424131,8.51063829787234
22,0,0.03432604325958398,2.1052631578947367
22,0,0.0069865046885465715,0.0
22,0,0.010417071249289147,0.0
22,0,0.06534225961912239,8.51063829787234
22,0,0.017648615793642217,0.0
22,0,0.026154920762496914,0.9803921568627451
22,0,0.040638040124438224,4.444444444444445
22,0,0.03165908776646834,2.1052631578947367
22,0,0.02813687196056117,0.9803921568627451
22,0,0.05191717049202572,4.444444444444445
22,0,0.23176691382748932,46.774193548387096
22,0,0.06849783993451362,10.0
22,0,0.016510866951040936,0.0
22,0,0.01595773094479388,0.0
22,0,0.28697162827519346,51.63934426229508
22,0,0.11416926322582377,33.33333333333333
22,0,0.09533975354681033,21.428571428571427
22,0,0.16109722416707395,33.980582524271846
22,0,0.1552496606627214,33.980582524271846
22,0,0.7454252347938481,81.25
22,0,0.08713379311604899,20.588235294117645
22,0,0.5812256541419785,75.0
22,1,0.9623265993826794,97.82608695652173
22,1,0.973188988787131,98.93617021276596
22,1,0.9661458033823693,97.82608695652173
22,1,0.9687670172074849,98.93617021276596
22,1,0.9816024865058843,98.93617021276596
22,1,0.9817611634750478,98.93617021276596
22,1,0.9813596712465756,98.93617021276596
22,1,0.9861056313343695,98.93617021276596
22,1,0.9248911187252388,95.94594594594594
22,1,0.8005704903647808,89.47368421052632
22,1,0.9698104017708837,98.93617021276596
22,1,0.9787393242636879,98.93617021276596
22,1,0.9711553195532089,98.93617021276596
22,1,0.982113911769318,98.93617021276596
22,1,0.9852036360826862,98.93617021276596
22,1,0.9814931843213599,98.93617021276596
22,1,0.9794347821106958,98.93617021276596
22,1,0.9137733990657693,95.94594594594594
22,1,0.8860424479149196,95.72649572649573
22,1,0.9525350212160415,95.94594594594594
22,1,0.9824611618879483,98.93617021276596
22,1,0.9865947129978523,100.0
22,1,0.9825323483723573,98.93617021276596
22,1,0.9837124436196001,98.93617021276596
22,1,0.985340256338942,98.93617021276596
22,1,0.9830431197812958,98.93617021276596
22,1,0.981616164948314,98.93617021276596
22,1,0.9514515163884499,95.94594594594594
22,1,0.9266342663381706,95.94594594594594
22,1,0.9622209355767939,97.82608695652173
23,0,0.1111190220934924,24.489795918367346
23,0,0.01199314207501814,0.0
23,0,0.009652835881555022,0.0
23,0,0.023169853015465213,0.9803921568627451
23,0,0.02201431081210072,0.9803921568627451
23,0,0.01966053689873335,0.0
23,0,0.06600511458077192,8.51063829787234
23,0,0.052960662146119455,4.444444444444445
23,0,0.015447895070408744,0.0
23,0,0.01764088961716872,0.0
23,0,0.08412938326043572,20.588235294117645
23,0,0.154647280310385,33.980582524271846
23,0,0.023386165435076406,0.9803921568627451
23,0,0.016231615907382646,0.0
23,0,0.05718302144693748,7.6923076923076925
23,0,0.03100465317766395,2.1052631578947367
23,0,0.025860612789746044,0.9803921568627451
23,0,0.019028759980743153,0.0
23,0,0.07484224942795213,10.0
23,0,0.168391423249275,41.17647058823529
23,0,0.02981386172745116,2.1052631578947367
23,0,0.0652303476809375,8.51063829787234
23,0,0.37397404667533446,51.63934426229508
23,0,0.2679874405791237,46.774193548387096
23,0,0.0971390082216582,21.428571428571427
23,0,0.09204832358465036,21.428571428571427
23,0,0.045420541022690886,4.444444444444445
23,0,0.022148283681518274,0.9803921568627451
23,0,0.2315341410208093,46.774193548387096
23,1,0.8028050836869862,89.47368421052632
23,1,0.9099706812215649,95.94594594594594
23,1,0.7000251480811178,79.6875
23,1,0.40021211169646137,69.33333333333334
23,1,0.7540338686172922,89.47368421052632
23,1,0.8865668878680402,95.72649572649573
23,1,0.8756600877798266,95.72649572649573
23,1,0.8951738978378599,95.72649572649573
23,1,0.7857632847969304,89.47368421052632
23,1,0.6134280099024783,77.41935483870968
23,1,0.2906712991181638,51.63934426229508
23,1,0.5827813905601802,75.0
23,1,0.7854537382744667,89.47368421052632
23,1,0.7793191525205939,89.47368421052632
23,1,0.879427591907188,95.72649572649573
23,1,0.7608095658195358,89.47368421052632
23,1,0.5806557654463338,75.0
23,1,0.8423747729139089,95.72649572649573
23,1,0.5436236125809129,75.0
23,1,0.468274140513576,69.33333333333334
23,1,0.490994672457869,75.0
23,1,0.45795749586917345,69.33333333333334
23,1,0.7770795210907574,89.47368421052632
23,1,0.7108495122014998,79.6875
23,1,0.7146012335345228,79.6875
23,1,0.8229576262821547,89.58333333333334
23,1,0.8889361903276171,95.72649572649573
23,1,0.8818881635257872,95.72649572649573
23,1,0.6830541429603869,79.6875
23,1,0.8011915956525042,89.47368421052632
24,0,0.9043069964049844,95.72649572649573
24,0,0.5628620011557064,75.0
24,0,0.03846663729442644,2.1052631578947367
24,0,0.062267502105448874,8.51063829787234
24,0,0.022410175938089406,0.9803921568627451
24,0,0.02586633416894273,0.9803921568627451
24,0,0.04121409067873643,4.444444444444445
24,0,0.07857105616382974,20.588235294117645
24,0,0.035962488988142874,2.1052631578947367
24,0,0.03326240159197842,2.1052631578947367
24,0,0.6535329590276339,77.94117647058823
24,0,0.5807164692484794,75.0
24,0,0.34631542627346656,51.63934426229508
24,0,0.3204976708470362,51.63934426229508
24,0,0.037273496008615147,2.1052631578947367
24,0,0.10068855009315723,24.489795918367346
24,0,0.8740560904275224,95.72649572649573
24,0,0.3310602097584226,51.63934426229508
24,0,0.6040934086707328,77.41935483870968
24,0,0.056311708847282115,7.6923076923076925
24,0,0.026058224489832405,0.9803921568627451
24,0,0.02332445527239764,0.9803921568627451
24,0,0.12372457396130891,33.980582524271846
24,0,0.5748061345355912,75.0
24,0,0.4961869098049264,75.0
24,0,0.0445372773857331,4.444444444444445
24,0,0.014818403165986609,0.0
24,0,0.06913734660097613,10.0
24,0,0.6656530710132633,77.94117647058823
24,1,0.96648559079908,97.82608695652173
24,1,0.9016879806558715,95.72649572649573
24,1,0.6303583407240771,77.94117647058823
24,1,0.9611475801848646,97.82608695652173
24,1,0.9297395474783108,95.94594594594594
24,1,0.8777742808609917,95.72649572649573
24,1,0.9046382911511036,95.94594594594594
24,1,0.809089457299197,89.47368421052632
24,1,0.6067239382881094,77.41935483870968
24,1,0.821445270832643,89.58333333333334
24,1,0.6485031099704084,77.94117647058823
24,1,0.8566872775418805,95.72649572649573
24,1,0.6001543116368666,77.41935483870968
24,1,0.6839419999348112,79.6875
24,1,0.8038497942738518,89.47368421052632
24,1,0.8347375287507336,89.58333333333334
24,1,0.8956158816358519,95.72649572649573
24,1,0.6895311314568204,79.6875
24,1,0.47128735041146447,75.0
24,1,0.5187604707110138,75.0
24,1,0.07742379928820954,20.588235294117645
24,1,0.8213149466627292,89.58333333333334
24,1,0.8956482560690864,95.72649572649573
24,1,0.8310435780552258,89.58333333333334
24,1,0.4860285894143989,75.0
24,1,0.3471326055934624,51.63934426229508
24,1,0.5019368858818489,75.0
24,1,0.49587573485589537,75.0
24,1,0.20480455690404997,46.774193548387096
24,1,0.45592628851760075,69.33333333333334
25,0,0.04833253162926314,4.444444444444445
25,0,0.03332580040922038,2.1052631578947367
25,0,0.073805985610434,10.0
25,0,0.09329236918999034,21.428571428571427
25,0,0.04434575798854172,4.444444444444445
25,0,0.012098931167075215,0.0
25,0,0.012137749292665943,0.0
25,0,0.04950213257385509,4.444444444444445
25,0,0.06218762122531872,8.51063829787234
25,0,0.07297279517244046,10.0
25,0,0.07604273710687591,10.0
25,0,0.4902323660094509,75.0
25,0,0.3898294594285484,69.33333333333334
25,0,0.043881789341594805,4.444444444444445
25,0,0.07566842711330875,10.0
25,0,0.1509349051127639,33.980582524271846
25,0,0.051426365584966535,4.444444444444445
25,0,0.07447727884845982,10.0
25,0,0.17679509502084867,44.44444444444444
25,0,0.029913290610770638,2.1052631578947367
25,0,0.10661366705038174,24.489795918367346
25,0,0.11421561285973918,33.33333333333333
25,0,0.03828217795027906,2.1052631578947367
25,0,0.02946680123494171,2.1052631578947367
25,0,0.1049928542154231,24.489795918367346
25,0,0.026989991526328708,0.9803921568627451
25,0,0.023584331322914643,0.9803921568627451
25,0,0.06404681188026039,8.51063829787234
25,0,0.39991723451844785,69.33333333333334
25,1,0.07778843767400859,20.588235294117645
25,1,0.1657431230672798,41.17647058823529
25,1,0.21392471849767086,46.774193548387096
25,1,0.3078389910756222,51.63934426229508
25,1,0.2856941184696313,51.63934426229508
25,1,0.3242978318569792,51.63934426229508
25,1,0.17423113019597228,44.44444444444444
25,1,0.13855446927084145,33.980582524271846
25,1,0.287283164549195,51.63934426229508
25,1,0.3087268599875793,51.63934426229508
25,1,0.2918156766626424,51.63934426229508
25,1,0.2096606497565337,46.774193548387096
25,1,0.12114810920101449,33.980582524271846
25,1,0.08085466907420759,20.588235294117645
25,1,0.23457913890462653,46.774193548387096
25,1,0.40186771302161,69.33333333333334
25,1,0.573465444493099,75.0
25,1,0.5590181249907549,75.0
25,1,0.6882438065679184,79.6875
25,1,0.354551349414001,51.63934426229508
25,1,0.40278948056873665,69.33333333333334
25,1,0.37203807174303316,51.63934426229508
25,1,0.3760754167397797,51.63934426229508
25,1,0.6475567211709219,77.94117647058823
25,1,0.7210669893575486,79.6875
25,1,0.4166703674516708,69.33333333333334
26,0,0.01699955586069897,0.0
26,0,0.08077728129873703,20.588235294117645
26,0,0.04345533891308963,4.444444444444445
26,0,0.03850672791091022,2.1052631578947367
26,0,0.04016159177480518,2.1052631578947367
26,0,0.1642920548643619,33.980582524271846
26,0,0.38399998702152205,61.53846153846154
26,0,0.029888276103164316,2.1052631578947367
26,0,0.038618700403582215,2.1052631578947367
26,0,0.036967293492179816,2.1052631578947367
26,0,0.015227694703031213,0.0
26,0,0.026466556556345597,0.9803921568627451
26,0,0.0254360700798691,0.9803921568627451
26,0,0.38265708606522686,61.53846153846154
26,0,0.6381656769132203,77.94117647058823
26,0,0.04274269977487997,4.444444444444445
26,0,0.081935087226315,20.588235294117645
26,0,0.7378527340678502,79.6875
26,0,0.7301765663385027,79.6875
26,0,0.20858110210575134,46.774193548387096
26,0,0.20838269396848214,46.774193548387096
26,0,0.6472141741278743,77.94117647058823
26,0,0.05326235255635621,4.444444444444445
26,0,0.2112476109808568,46.774193548387096
26,0,0.29422521939365637,51.63934426229508
26,0,0.02024061277761209,0.9803921568627451
26,0,0.22084223081033133,46.774193548387096
26,0,0.1654627913818529,33.980582524271846
26,0,0.2508564434071833,46.774193548387096
26,1,0.9671090873098304,97.82608695652173
26,1,0.9095491141137365,95.94594594594594
26,1,0.8727642297540199,95.72649572649573
26,1,0.7922548369357216,89.47368421052632
26,1,0.866426989727473,95.72649572649573
26,1,0.9064231731539875,95.94594594594594
26,1,0.8093123007075131,89.47368421052632
26,1,0.38554773655294183,69.33333333333334
26,1,0.8321454100107405,89.58333333333334
26,1,0.8512149827267446,95.72649572649573
26,1,0.6158574060828567,77.41935483870968
26,1,0.5782738351898732,75.0
26,1,0.7319966657066015,79.6875
26,1,0.8508939450245734,95.72649572649573
26,1,0.7024625423134271,79.6875
26,1,0.29436686124957123,51.63934426229508
26,1,0.1395680535625294,33.980582524271846
26,1,0.5677818961630405,75.0
26,1,0.7589063511607335,89.47368421052632
26,1,0.8850267300027275,95.72649572649573
26,1,0.9570998412024809,95.94594594594594
26,1,0.9683846366311655,98.93617021276596
26,1,0.8595146481688122,95.72649572649573
26,1,0.36181360233928656,51.63934426229508
26,1,0.23013425818416505,46.774193548387096
26,1,0.32968419169826696,51.63934426229508
26,1,0.63375891442757,77.94117647058823
26,1,0.7968170428109106,89.47368421052632
27,0,0.013793054517127328,0.0
27,0,0.10514261493125197,24.489795918367346
27,0,0.04417946083600184,4.444444444444445
27,0,0.027425371961522595,0.9803921568627451
27,0,0.017209537619865378,0.0
27,0,0.031114366497556407,2.1052631578947367
27,0,0.020145559037568102,0.9803921568627451
27,0,0.333903940490212,51.63934426229508
27,0,0.536155871228649,75.0
27,0,0.10964584571160782,24.489795918367346
27,0,0.023987792958614862,0.9803921568627451
27,0,0.04589375952388006,4.444444444444445
27,0,0.033730119724470264,2.1052631578947367
27,0,0.04943269363942224,4.444444444444445
27,0,0.05333116688616448,4.444444444444445
27,0,0.15316826046791107,33.980582524271846
27,0,0.030934981103952482,2.1052631578947367
27,0,0.06634732979778012,8.51063829787234
27,0,0.05722826468339809,7.6923076923076925
27,0,0.057203262938954766,7.6923076923076925
27,0,0.5644597620031625,75.0
27,0,0.7357676608846347,79.6875
27,0,0.8984369173034261,95.72649572649573
27,0,0.9350581992997155,95.94594594594594
27,0,0.8901796731103996,95.72649572649573
27,0,0.9528901921586547,95.94594594594594
27,0,0.8254189508707436,89.58333333333334
27,0,0.1423831861266841,33.980582524271846
27,0,0.7234645790122468,79.6875
27,1,0.8544221409046728,95.72649572649573
27,1,0.7287927152944436,79.6875
27,1,0.8403642920133974,95.72649572649573
27,1,0.8705216010128136,95.72649572649573
27,1,0.8107900538168004,89.47368421052632
27,1,0.5977439612266493,77.41935483870968
27,1,0.8307714165923296,89.58333333333334
27,1,0.9142511282123914,95.94594594594594
27,1,0.8103276256524621,89.47368421052632
27,1,0.8029872394766905,89.47368421052632
27,1,0.7918305138455295,89.47368421052632
27,1,0.7373530932884045,79.6875
27,1,0.4159702976063088,69.33333333333334
27,1,0.6203202549083433,77.94117647058823
27,1,0.6253137302619888,77.94117647058823
27,1,0.6072618478296007,77.41935483870968
27,1,0.556297372180269,75.0
27,1,0.7358895485092785,79.6875
27,1,0.8603421220905977,95.72649572649573
27,1,0.8594037404120081,95.72649572649573
27,1,0.7858146286189572,89.47368421052632
27,1,0.8200352401278841,89.58333333333334
27,1,0.8161103980108294,89.58333333333334
27,1,0.7955017250623612,89.47368421052632
27,1,0.8916068701122125,95.72649572649573
27,1,0.8792453648069194,95.72649572649573
27,1,0.9118940910947503,95.94594594594594
27,1,0.92060904425451,95.94594594594594
27,1,0.9372527675621938,95.94594594594594
27,1,0.9361742141868625,95.94594594594594
28,0,0.9601297387591526,95.94594594594594
28,0,0.7130162023886105,79.6875
28,0,0.051478574646692365,4.444444444444445
28,0,0.03887774367215577,2.1052631578947367
28,0,0.2854154418006702,46.774193548387096
28,0,0.4758850735456502,75.0
28,0,0.7477366246458627,83.33333333333334
28,0,0.7365610574291831,79.6875
28,0,0.5878488007803975,75.0
28,0,0.5681761034350233,75.0
28,0,0.03056476469246791,2.1052631578947367
28,0,0.16921217697021826,41.17647058823529
28,0,0.20769821568429417,46.774193548387096
28,0,0.6796632407724932,77.94117647058823
28,0,0.8245331153135504,89.58333333333334
28,0,0.14021518235781788,33.980582524271846
28,0,0.20274647191647116,46.774193548387096
28,0,0.6178384057307753,77.41935483870968
28,0,0.5815695863062378,75.0
28,0,0.5724346556592449,75.0
28,0,0.3530003760553567,51.63934426229508
28,0,0.16903313967376224,41.17647058823529
28,0,0.020810099571141806,0.9803921568627451
28,0,0.09136269040547354,21.428571428571427
28,0,0.5632896277269309,75.0
28,0,0.67748606301423,77.94117647058823
28,0,0.04960611312489026,4.444444444444445
28,0,0.04067502286057352,4.444444444444445
28,0,0.21188653146991812,46.774193548387096
28,1,0.9837513374329481,98.93617021276596
28,1,0.9864806721625738,100.0
28,1,0.9861655048182825,98.93617021276596
28,1,0.9900483212967505,100.0
28,1,0.9888557704369915,100.0
28,1,0.982934705017659,98.93617021276596
28,1,0.983412130779124,98.93617021276596
28,1,0.9830958728728353,98.93617021276596
28,1,0.9845753054802688,98.93617021276596
28,1,0.9829835762356045,98.93617021276596
28,1,0.9875502537005701,100.0
28,1,0.9859278856470363,98.93617021276596
28,1,0.9857099984144087,98.93617021276596
28,1,0.9855379161782747,98.93617021276596
28,1,0.9881632099357152,100.0
28,1,0.984318267535773,98.93617021276596
28,1,0.9878863402370207,100.0
28,1,0.9844634691741656,98.93617021276596
28,1,0.9735457320166511,98.93617021276596
28,1,0.9837933989193797,98.93617021276596
28,1,0.9841908875640221,98.93617021276596
28,1,0.9831404284342156,98.93617021276596
28,1,0.976607005577621,98.93617021276596
28,1,0.9587347370730693,95.94594594594594
28,1,0.9740675697261844,98.93617021276596
28,1,0.9813691408919287,98.93617021276596
28,1,0.9856538062423155,98.93617021276596
28,1,0.9652606958913535,97.82608695652173
28,1,0.9566551960066255,95.94594594594594
28,1,0.9769482640470626,98.93617021276596
29,0,0.15189901108377693,33.980582524271846
29,0,0.0894770286362504,21.428571428571427
29,0,0.04711127397681307,4.444444444444445
29,0,0.09434017185547482,21.428571428571427
29,0,0.3219475609976943,51.63934426229508
29,0,0.08300659146359776,20.588235294117645
29,0,0.35190125549690787,51.63934426229508
29,0,0.7287401877544633,79.6875
29,0,0.9398599854229048,95.94594594594594
29,0,0.9265856014170308,95.94594594594594
29,0,0.47073013169259353,69.33333333333334
29,0,0.41668854151675105,69.33333333333334
29,0,0.21991323944316915,46.774193548387096
29,0,0.5038697013790927,75.0
29,0,0.5246845479045871,75.0
29,0,0.8101506448277518,89.47368421052632
29,0,0.5628137978114705,75.0
29,0,0.15522412515344747,33.980582524271846
29,0,0.42429390919046506,69.33333333333334
29,0,0.36089969152024975,51.63934426229508
29,0,0.11070436760807814,24.489795918367346
29,0,0.18449981610389807,44.44444444444444
29,0,0.4608279423362313,69.33333333333334
29,0,0.21237315995594355,46.774193548387096
29,0,0.28818755634816345,51.63934426229508
29,0,0.7252886729031499,79.6875
29,0,0.9862487287009385,98.93617021276596
29,0,0.9468507773949455,95.94594594594594
29,0,0.6479841867897244,77.94117647058823
29,1,0.9708949313835434,98.93617021276596
29,1,0.9705626563052377,98.93617021276596
29,1,0.9656659294301561,97.82608695652173
29,1,0.932328792910799,95.94594594594594
29,1,0.9543826459584481,95.94594594594594
29,1,0.8631816780000438,95.72649572649573
29,1,0.9222974265832528,95.94594594594594
29,1,0.9640058565090732,97.82608695652173
29,1,0.9659482922001564,97.82608695652173
29,1,0.9160102135814369,95.94594594594594
29,1,0.9187736915747317,95.94594594594594
29,1,0.9597495554859446,95.94594594594594
29,1,0.9021267393254766,95.72649572649573
29,1,0.9257945003226559,95.94594594594594
29,1,0.968807414997802,98.93617021276596
29,1,0.9656813586457473,97.82608695652173
29,1,0.8556405294148486,95.72649572649573
29,1,0.912466004204125,95.94594594594594
29,1,0.9670085707605963,97.82608695652173
29,1,0.9671268422629319,97.82608695652173
29,1,0.9144135676446271,95.94594594594594
29,1,0.9529923115834008,95.94594594594594
29,1,0.968420003203535,98.93617021276596
29,1,0.9636609880947523,97.82608695652173
29,1,0.9782969901456323,98.93617021276596
29,1,0.9793912260558676,98.93617021276596
29,1,0.9441562098618834,95.94594594594594
29,1,0.5798285754369857,75.0
29,1,0.6092881397409841,77.41935483870968
29,1,0.795657317094727,89.47368421052632
30,0,0.1569542010224868,33.980582524271846
30,0,0.16524871233784766,33.980582524271846
30,0,0.017923960837966536,0.0
30,0,0.01576999208686824,0.0
30,0,0.02087015440924178,0.9803921568627451
30,0,0.010697485655191692,0.0
30,0,0.12779992266748347,33.980582524271846
30,0,0.5885635706209456,75.0
30,0,0.38507132663234545,61.53846153846154
30,0,0.16483556469318322,33.980582524271846
30,0,0.021376009526587317,0.9803921568627451
30,0,0.021191632477918138,0.9803921568627451
30,0,0.02261996906791367,0.9803921568627451
30,0,0.10328314350052184,24.489795918367346
30,0,0.02988965914968368,2.1052631578947367
30,0,0.07555839574503667,10.0
30,0,0.15236540649680602,33.980582524271846
30,0,0.06405785368733496,8.51063829787234
30,0,0.17039771006693033,41.17647058823529
30,0,0.29395479134181834,51.63934426229508
30,0,0.2516841609527193,46.774193548387096
30,0,0.014556011991972892,0.0
30,0,0.02035128100659442,0.9803921568627451
30,0,0.06452523551952102,8.51063829787234
30,0,0.016405267422695352,0.0
30,0,0.028660710543209827,0.9803921568627451
30,0,0.014975592719765481,0.0
30,0,0.014710124361312645,0.0
30,0,0.36975084296734034,51.63934426229508
30,1,0.8003721957599542,89.47368421052632
30,1,0.8552259139838015,95.72649572649573
30,1,0.9185356831293664,95.94594594594594
30,1,0.8665739911975711,95.72649572649573
30,1,0.5095842209546055,75.0
30,1,0.6476367268567317,77.94117647058823
30,1,0.8886533303882784,95.72649572649573
30,1,0.8348017013620178,89.58333333333334
30,1,0.7951552637150223,89.47368421052632
30,1,0.8342552237584163,89.58333333333334
30,1,0.8732258992806754,95.72649572649573
30,1,0.6694628785508274,77.94117647058823
30,1,0.8154140774387082,89.58333333333334
30,1,0.8500154073259246,95.72649572649573
30,1,0.5883713050165434,75.0
30,1,0.424077037950441,69.33333333333334
30,1,0.9312277103591909,95.94594594594594
30,1,0.8511897648788163,95.72649572649573
30,1,0.9343355209246984,95.94594594594594
30,1,0.9159756720518989,95.94594594594594
30,1,0.8096967013443882,89.47368421052632
30,1,0.7494417988041391,89.47368421052632
30,1,0.8193684983698899,89.58333333333334
30,1,0.8021889832617141,89.47368421052632
30,1,0.1766792362568827,44.44444444444444
30,1,0.1017287399554861,24.489795918367346
30,1,0.3417078455478106,51.63934426229508
30,1,0.7624890275354458,89.47368421052632
30,1,0.5034288331113108,75.0
30,1,0.5680892661739148,75.0
31,0,0.04022603094537399,4.444444444444445
31,0,0.05038422008787999,4.444444444444445
31,0,0.024167854576539055,0.9803921568627451
31,0,0.050675877396524446,4.444444444444445
31,0,0.11534272131336831,33.980582524271846
31,0,0.3411686428746682,51.63934426229508
31,0,0.020588446051097654,0.9803921568627451
31,0,0.05418040477713846,4.444444444444445
31,0,0.13502324369595858,33.980582524271846
31,1,0.3001518264253447,51.63934426229508
31,1,0.3165132712284303,51.63934426229508
31,1,0.18860948343801315,44.44444444444444
31,1,0.11076526887155416,24.489795918367346
31,1,0.29642916007998793,51.63934426229508
31,1,0.35300642435780644,51.63934426229508
31,1,0.6621627176429369,77.94117647058823
31,1,0.5171537842829053,75.0
31,1,0.4225233888372182,69.33333333333334
31,1,0.5399814460293015,75.0
31,1,0.7881308432375674,89.47368421052632
31,1,0.3458433901780309,51.63934426229508
31,1,0.2231310322887151,46.774193548387096
31,1,0.4126346358526342,69.33333333333334
31,1,0.8361635578846504,89.58333333333334
31,1,0.5000053366122396,75.0
31,1,0.37701933587249814,61.53846153846154
31,1,0.28962248705576915,51.63934426229508
31,1,0.4150866472991118,69.33333333333334
31,1,0.2589511167922679,46.774193548387096
31,1,0.2599402367028125,46.774193548387096
31,1,0.9311074017315152,95.94594594594594
31,1,0.9620109594866828,97.82608695652173
31,1,0.9524664942739592,95.94594594594594
31,1,0.32871128381082954,51.63934426229508
31,1,0.2301645770455345,46.774193548387096
31,1,0.5101145236490557,75.0
31,1,0.5326872551910601,75.0
31,1,0.25370788866620064,46.774193548387096
31,1,0.634153378954212,77.94117647058823
32,0,0.04931062899519349,4.444444444444445
32,0,0.01775044061251069,0.0
32,0,0.15441464725191675,33.980582524271846
32,0,0.14084608904182983,33.980582524271846
32,0,0.05170618406233984,4.444444444444445
32,0,0.08362791526463363,20.588235294117645
32,0,0.01861839644637956,0.0
32,0,0.022399047675850072,0.9803921568627451
32,0,0.02765671187340792,0.9803921568627451
32,0,0.021053397032091362,0.9803921568627451
32,0,0.019735362052333862,0.0
32,0,0.014191712085530234,0.0
32,0,0.009714746520470567,0.0
32,0,0.015603625679553203,0.0
32,0,0.03457217190832672,2.1052631578947367
32,0,0.07588085588288296,10.0
32,0,0.13790253363701177,33.980582524271846
32,0,0.013636418250426476,0.0
32,0,0.008209202345070932,0.0
32,0,0.018152931755025456,0.0
32,0,0.10190843704504048,24.489795918367346
32,0,0.37476737295650137,51.63934426229508
32,0,0.14637237723665192,33.980582524271846
32,0,0.02917756798199785,2.1052631578947367
32,0,0.018175451032376694,0.0
32,0,0.06330376423202506,8.51063829787234
32,0,0.06293095246874693,8.51063829787234
32,0,0.01700811515686048,0.0
32,0,0.5362987825925947,75.0
32,1,0.9303070964572534,95.94594594594594
32,1,0.6812822477786228,77.94117647058823
32,1,0.3815480692298519,61.53846153846154
32,1,0.9195955301810234,95.94594594594594
32,1,0.9386784714052276,95.94594594594594
32,1,0.8420458071934311,95.72649572649573
32,1,0.7675737912636966,89.47368421052632
32,1,0.4381359045536073,69.33333333333334
32,1,0.7559970740950291,89.47368421052632
32,1,0.5702979649253259,75.0
32,1,0.4940944539086962,75.0
32,1,0.7417590444062895,81.25
32,1,0.8825445858484277,95.72649572649573
32,1,0.4184275882647182,69.33333333333334
32,1,0.6358650536582269,77.94117647058823
32,1,0.5826230347661497,75.0
32,1,0.8160789607400863,89.58333333333334
32,1,0.7509534620349626,89.47368421052632
32,1,0.7245983195336287,79.6875
32,1,0.673973258695244,77.94117647058823
32,1,0.7835561973530298,89.47368421052632
32,1,0.7710910195185096,89.47368421052632
32,1,0.8284311145828519,89.58333333333334
32,1,0.2521183064985824,46.774193548387096
32,1,0.4610646293936827,69.33333333333334
32,1,0.6865804453274609,79.6875
32,1,0.6202528032806213,77.94117647058823
32,1,0.2884449681804325,51.63934426229508
32,1,0.5229740024580498,75.0
32,1,0.18300308124881104,44.44444444444444
33,0,0.12515687981844173,33.980582524271846
33,0,0.1417951057910892,33.980582524271846
33,0,0.06566295148126772,8.51063829787234
33,0,0.06748630476659667,10.0
33,0,0.036537053988380495,2.1052631578947367
33,0,0.020460355748607658,0.9803921568627451
33,0,0.02401531059795768,0.9803921568627451
33,0,0.02392724514237948,0.9803921568627451
33,0,0.014118010193377694,0.0
33,0,0.0370915975694465,2.1052631578947367
33,0,0.03149921180033045,2.1052631578947367
33,0,0.16258867441130978,33.980582524271846
33,0,0.14505817172544958,33.980582524271846
33,0,0.11208811568075511,24.489795918367346
33,0,0.22530034211044067,46.774193548387096
33,0,0.25356321998767195,46.774193548387096
33,0,0.0680799385162669,10.0
33,0,0.06266042824230895,8.51063829787234
33,0,0.02080559890763957,0.9803921568627451
33,0,0.007408496595953311,0.0
33,0,0.10198280132029755,24.489795918367346
33,0,0.14518326006456175,33.980582524271846
33,0,0.0378468605791568,2.1052631578947367
33,0,0.2563361874908464,46.774193548387096
33,0,0.08164878628608822,20.588235294117645
33,0,0.21901712105373686,46.774193548387096
33,0,0.6526021795957836,77.94117647058823
33,0,0.30114500378251563,51.63934426229508
33,0,0.4232140909398437,69.33333333333334
33,1,0.6970248450657778,79.6875
33,1,0.7244847857454254,79.6875
33,1,0.7675959713732439,89.47368421052632
33,1,0.9349519375700094,95.94594594594594
33,1,0.6996075575782933,79.6875
33,1,0.7674576577115269,89.47368421052632
33,1,0.8564250109024488,95.72649572649573
33,1,0.7303819930604017,79.6875
33,1,0.825684450194232,89.58333333333334
33,1,0.9213815612782937,95.94594594594594
33,1,0.8709459142945127,95.72649572649573
33,1,0.779430608652598,89.47368421052632
33,1,0.7490199549750374,89.47368421052632
33,1,0.8013672526990374,89.47368421052632
33,1,0.49209528474116204,75.0
33,1,0.6235608303170701,77.94117647058823
33,1,0.690057000847038,79.6875
33,1,0.6534032399052099,77.94117647058823
33,1,0.8380232844237483,95.72649572649573
33,1,0.6863619017923547,79.6875
33,1,0.5022040252788109,75.0
33,1,0.6322894704443031,77.94117647058823
33,1,0.6754045036000089,77.94117647058823
33,1,0.8302200320170693,89.58333333333334
33,1,0.8370150382261242,89.58333333333334
33,1,0.4422381058615401,69.33333333333334
33,1,0.3948989969020892,69.33333333333334
33,1,0.7867465149531837,89.47368421052632
33,1,0.7936905356017059,89.47368421052632
33,1,0.6997494012586123,79.6875
34,0,0.012478824041144239,0.0
34,0,0.009110514479703024,0.0
34,0,0.016731497881248034,0.0
34,0,0.03486197719274689,2.1052631578947367
34,0,0.08341523175060926,20.588235294117645
34,0,0.021875954950068832,0.9803921568627451
34,0,0.023084308655775498,0.9803921568627451
34,0,0.005696181755830664,0.0
34,0,0.03237428670769429,2.1052631578947367
34,0,0.03871353805463849,2.1052631578947367
34,0,0.017940732794117665,0.0
34,0,0.022140829853220852,0.9803921568627451
34,0,0.26284666566994913,46.774193548387096
34,0,0.06363549755072302,8.51063829787234
34,0,0.032783208604456604,2.1052631578947367
34,0,0.10413610883594894,24.489795918367346
34,0,0.023296558337742468,0.9803921568627451
34,0,0.03597910199169573,2.1052631578947367
34,0,0.016510972816501757,0.0
34,0,0.024407168810434473,0.9803921568627451
34,0,0.008859223521648165,0.0
34,0,0.007120739182416803,0.0
34,0,0.007583937082401073,0.0
34,0,0.008069928182230533,0.0
34,0,0.1533802835237397,33.980582524271846
34,0,0.12055340187314945,33.980582524271846
34,0,0.0571463600702091,7.6923076923076925
34,0,0.03776261775249282,2.1052631578947367
34,0,0.17543702939255842,44.44444444444444
34,1,0.6997746842992996,79.6875
34,1,0.7751208562695513,89.47368421052632
34,1,0.7257399202771644,79.6875
34,1,0.5161226095264113,75.0
34,1,0.7200130630839395,79.6875
34,1,0.8867827809008116,95.72649572649573
34,1,0.8491130556085806,95.72649572649573
34,1,0.5639611359602384,75.0
34,1,0.30632619426746627,51.63934426229508
34,1,0.4765507666445927,75.0
34,1,0.7307783260308863,79.6875
34,1,0.7778740869407953,89.47368421052632
34,1,0.893669614567018,95.72649572649573
34,1,0.48659739595140783,75.0
34,1,0.14537689831069764,33.980582524271846
34,1,0.15104400866937648,33.980582524271846
34,1,0.18676979131038196,44.44444444444444
34,1,0.5179004663797512,75.0
34,1,0.38478959075010416,61.53846153846154
34,1,0.5997359695552457,77.41935483870968
34,1,0.48444315138542576,75.0
34,1,0.2739260842651162,46.774193548387096
34,1,0.16025720161906248,33.980582524271846
34,1,0.11451248003799802,33.980582524271846
34,1,0.2623632724406058,46.774193548387096
34,1,0.29993739172557154,51.63934426229508
34,1,0.24063407955265098,46.774193548387096
34,1,0.17939642131002392,44.44444444444444
34,1,0.3830454263947391,61.53846153846154
34,1,0.636447364816597,77.94117647058823
35,0,0.013437851110746267,0.0
35,0,0.02609974065773256,0.9803921568627451
35,0,0.01094057130596812,0.0
35,0,0.022971597562048612,0.9803921568627451
35,0,0.018314627003801574,0.0
35,0,0.012464339646902167,0.0
35,0,0.022726379178964102,0.9803921568627451
35,0,0.023285292227274167,0.9803921568627451
35,0,0.24368199010859648,46.774193548387096
35,0,0.15256253000194162,33.980582524271846
35,0,0.052621734451482424,4.444444444444445
35,0,0.13057767565714698,33.980582524271846
35,0,0.07502201657713248,10.0
35,0,0.6381874050382466,77.94117647058823
35,0,0.6079461607893925,77.41935483870968
35,0,0.025174216321996762,0.9803921568627451
35,0,0.03282114177226118,2.1052631578947367
35,0,0.03934883832775405,2.1052631578947367
35,0,0.07427866877843892,10.0
35,0,0.01769296493145395,0.0
35,0,0.042936604674354506,4.444444444444445
35,0,0.03934090982658941,2.1052631578947367
35,0,0.06279523601301516,8.51063829787234
35,0,0.02143240602142268,0.9803921568627451
35,0,0.015933376203520522,0.0
35,0,0.02180066263703754,0.9803921568627451
35,0,0.010946280781168497,0.0
35,0,0.021110163901052463,0.9803921568627451
35,0,0.5310892269084599,75.0
35,1,0.9653884704030284,97.82608695652173
35,1,0.9510077963159459,95.94594594594594
35,1,0.92619218746032,95.94594594594594
35,1,0.8914350146460693,95.72649572649573
35,1,0.8718530445478155,95.72649572649573
35,1,0.9308354343154188,95.94594594594594
35,1,0.9472571040499316,95.94594594594594
35,1,0.9507983166079904,95.94594594594594
35,1,0.9198480424056574,95.94594594594594
35,1,0.917389220897527,95.94594594594594
35,1,0.9524563792850976,95.94594594594594
35,1,0.9697630167851109,98.93617021276596
35,1,0.9598482723764432,95.94594594594594
35,1,0.9441364130013414,95.94594594594594
35,1,0.8850282330051871,95.72649572649573
35,1,0.8865915469133896,95.72649572649573
35,1,0.9437301638163573,95.94594594594594
35,1,0.9517596385865484,95.94594594594594
35,1,0.9239927067982915,95.94594594594594
35,1,0.9466568852808926,95.94594594594594
35,1,0.9170734021781397,95.94594594594594
35,1,0.9286894915089606,95.94594594594594
35,1,0.9573505856775311,95.94594594594594
35,1,0.9377867327118221,95.94594594594594
35,1,0.8418160866971633,95.72649572649573
35,1,0.9299149649214933,95.94594594594594
35,1,0.9506329639092447,95.94594594594594
35,1,0.947814780539771,95.94594594594594
35,1,0.9081762119190531,95.94594594594594
35,1,0.9252364620696102,95.94594594594594
